Product Name,Price
"iPhone 16 Pro Max 256GB | Chính hãng VN/A","31.290.000đ"
"Samsung Galaxy S25 Ultra 12GB 256GB","30.990.000đ"
"Xiaomi Redmi Note 14 6GB 128GB","4.990.000đ"
"Xiaomi 15 5G 12GB 256GB","21.990.000đ"
"Samsung Galaxy S25 256GB","19.990.000đ"
"OPPO Reno10 Pro+ 5G 12GB 256GB","10.990.000đ"
"iPhone 16e 128GB | Chính hãng VN/A","16.490.000đ"
"Samsung Galaxy S24 FE 5G 8GB 128GB","13.490.000đ"
"Xiaomi 15 Ultra 5G 16GB 512GB","31.990.000đ"
"iPhone 15 128GB | Chính hãng VN/A","15.990.000đ"
"iPhone 16 Pro 128GB | Chính hãng VN/A","25.390.000đ"
"iPhone 13 128GB | Chính hãng VN/A","11.790.000đ"
"iPhone 15 Pro Max 256GB | Chính hãng VN/A","27.990.000đ"
"Samsung Galaxy A15 LTE 8GB 128GB","4.290.000đ"
"Samsung Galaxy S24 Ultra 12GB 256GB","24.490.000đ"
"Nothing Phone 2A 5G 8GB 128GB - Chỉ có tại CellphoneS","6.790.000đ"
"Samsung Galaxy Z Fold6 12GB 256GB","35.090.000đ"
"Samsung Galaxy M55 12GB 256GB","9.190.000đ"
"Xiaomi POCO M6 6GB 128GB - Chỉ có tại CellphoneS","3.490.000đ"
"iPhone 15 Plus 128GB | Chính hãng VN/A","19.690.000đ"
